	variant	mut_ga	Q19E_M	A63T_M	P3395H_ORF1a	S3675-_ORF1a	G3676-_ORF1a	T3255I_ORF1a	A67V_S	H69-_S	V70-_S	T95I_S	G142-_S	V143-_S	Y144-_S	Y145D_S	N211-_S	L212I_S	G339D_S	S371F_S	S373P_S	S375F_S	K417N_S	N440K_S	G446S_S	S477N_S	E484A_S	Q493R_S	Q498R_S	N501Y_S	Y505H_S	H655Y_S	N679K_S	N764K_S	D796Y_S	Q954H_S	N969K_S	T478K_S	P681H_S	D614G_S	T9I_E	P13L_N	G30X_N	E31-_N	R32-_N	S33X_N	*420X_N	R203K_N	G204R_N	I1566V_ORF1b	P314L_ORF1b	P10S_ORF9b	E27-_ORF9b	N28-_ORF9b	A29-_ORF9b	K141-_ORF1a	S142-_ORF1a	F143-_ORF1a	T842I_ORF1a	L3027F_ORF1a	S135R_ORF1a	G1307S_ORF1a	T3090I_ORF1a	F3677-_ORF1a	L11F_ORF7b	P151S_N	S413R_N	L452R_S	F486V_S	R493Q_S	T19I_S	L24-_S	P25-_S	P26-_S	A27S_S	V67A_S	-69H_S	-70V_S	I95T_S	-142D_S	-143V_S	-144Y_S	D145Y_S	-211N_S	I212L_S	V213G_S	T376A_S	R408S_S	S446G_S	D405N_S	R1315C_ORF1b	T2163I_ORF1b	D61L_ORF6	T223I_ORF3a	V3G_S	R346T_S	D3N_M	L61D_ORF6	D1903N_ORF1b	G662S_ORF1b	S50G_E	R207C_ORF1a	Q3922R_ORF1a	A262S_S	T2432I_ORF1b	D16G_ORF9b	A3697V_ORF1a	T1050N_ORF1b	T14I_ORF3a	G2297S_ORF1b	R413S_N	T1022I_ORF1a	K444N_S	L108V_ORF3a	I2332V_ORF1a	T1437I_ORF1a	K120N_ORF1a	L84I_S	P93S_ORF8	V1538L_ORF1b	K444M_S	M598T_ORF1a	L2869F_ORF1a	A1312V_ORF1b	T2537I_ORF1b	K444T_S	Q556K_ORF1a	E136D_N	M1156I_ORF1b	L3829F_ORF1a	S10F_ORF9b	S50L_ORF9b	P1162L_S	V2685F_ORF1b	E87D_ORF1a	Y925H_ORF1a	D983G_ORF1a	V3524I_ORF1a	V3858L_ORF1a	L3201F_ORF1a	K147E_S	W152R_S	F157L_S	I210V_S	G257S_S	D339H_S	N460K_S	T11A_E	S1221L_ORF1a	P1640S_ORF1a	N4060S_ORF1a	F490S_S	K356T_S	innov-ga
0	BA.4.1.9	0.003269428	-0.319244	0.09438059	0.010739697	-0.025923524	-0.47657436	-0.0037472262	0.16476332	-0.07814602	0.33205706	0.008259277	-0.036682554	0.27303725	-0.04905829	-0.25810388	0.5030831	-0.34285712	-0.12549408	-0.03302151	-0.26601937	-0.22400671	0.098187074	0.37435463	0.16488235	0.21619223	-0.41908994	0.13387725	0.282427	-0.21877627	1.0185573	-0.33766195	0.29059562	-0.13731734	-0.42654714	-0.15359783	0.32722685	-0.29083022	-0.3342222	0.2983725	0.18332316	0.009834006	0.73476213	-0.4363587	-0.32598335	-0.18766797	-0.3108898	-0.507674	-0.103276104	0.3640785	0.6672301	-0.38867584	0.11148026	-0.12822184	0.09456198	-0.09426083	-0.09426083	-0.09426083	0.27678022	0.2908226	-0.3259732	0.06520715	0.3782214	0.3858199	-0.09426083	-0.13099685	-0.35546803	0.24388541	-0.21486257	-0.14211772	-0.34456873	0.1295464	-0.20847394	0.013614981	-0.23915395	0.21980743	-0.3763246	0.2530726	-0.1427213	-0.11375531	-0.095501155	-0.4517516	-0.10224867	0.5026467	-0.19818091	0.13079835	-0.60087574	0.08296428	-0.80889654	0.24290779	0.22772916	-0.30801103	0.19654661	0.4576322	-0.04861648	0.3142917																																																										1.9543452
1	BA.5.1.21	0.020626668	-0.319244	0.09438059	0.010739697	-0.025923524	-0.47657436	-0.0037472262	0.16476332	-0.07814602	0.33205706	0.008259277	-0.036682554	0.27303725	-0.04905829	-0.25810388	0.5030831	-0.34285712	-0.12549408	-0.03302151	-0.26601937	-0.22400671	0.098187074	0.37435463	0.16488235	0.21619223	-0.41908994	0.13387725	0.282427	-0.21877627	1.0185573	-0.33766195	0.29059562	-0.13731734	-0.42654714	-0.15359783	0.32722685	-0.29083022	-0.3342222	0.2983725	0.18332316	0.009834006	0.73476213	-0.4363587	-0.32598335	-0.18766797	-0.3108898	-0.507674	-0.103276104	0.3640785	0.6672301	-0.38867584	0.11148026	-0.12822184	0.09456198				0.27678022	0.2908226	-0.3259732	0.06520715	0.3782214	0.3858199			-0.35546803	0.24388541	-0.21486257	-0.14211772	-0.34456873	0.1295464	-0.20847394	0.013614981	-0.23915395	0.21980743	-0.3763246	0.2530726	-0.1427213	-0.11375531	-0.095501155	-0.4517516	-0.10224867	0.5026467	-0.19818091	0.13079835	-0.60087574	0.08296428	-0.80889654	0.24290779	0.22772916	-0.30801103	0.19654661	0.4576322			-0.03581553	0.34945866	-0.064519316	-0.052924413																																																						1.8466138
2	BA.5.10.1	0.053638805	-0.319244	0.09438059	0.010739697	-0.025923524	-0.47657436	-0.0037472262	0.16476332	-0.07814602	0.33205706	0.008259277	-0.036682554	0.27303725	-0.04905829	-0.25810388	0.5030831	-0.34285712	-0.12549408	-0.03302151	-0.26601937	-0.22400671	0.098187074	0.37435463	0.16488235	0.21619223	-0.41908994	0.13387725	0.282427	-0.21877627	1.0185573	-0.33766195	0.29059562	-0.13731734	-0.42654714	-0.15359783	0.32722685	-0.29083022	-0.3342222	0.2983725	0.18332316	0.009834006	0.73476213	-0.4363587	-0.32598335	-0.18766797	-0.3108898	-0.507674	-0.103276104	0.3640785	0.6672301	-0.38867584	0.11148026	-0.12822184	0.09456198				0.27678022	0.2908226	-0.3259732	0.06520715	0.3782214	0.3858199			-0.35546803	0.24388541	-0.21486257	-0.14211772	-0.34456873	0.1295464	-0.20847394	0.013614981	-0.23915395	0.21980743	-0.3763246	0.2530726	-0.1427213	-0.11375531	-0.095501155	-0.4517516	-0.10224867	0.5026467	-0.19818091	0.13079835	-0.60087574	0.08296428	-0.80889654	0.24290779	0.22772916	-0.30801103	0.19654661	0.4576322		0.3142917	-0.03581553	0.34945866			-0.040838145	-0.040838145	-0.040838145	-0.040838145	-0.040838145																																																	2.0003464
3	BA.5.2.16	0.0016379224	-0.319244	0.09438059	0.010739697	-0.025923524	-0.47657436	-0.0037472262	0.16476332	-0.07814602	0.33205706	0.008259277	-0.036682554	0.27303725	-0.04905829	-0.25810388	0.5030831	-0.34285712	-0.12549408	-0.03302151	-0.26601937	-0.22400671	0.098187074	0.37435463	0.16488235	0.21619223	-0.41908994	0.13387725	0.282427	-0.21877627	1.0185573	-0.33766195	0.29059562	-0.13731734	-0.42654714	-0.15359783	0.32722685	-0.29083022	-0.3342222	0.2983725	0.18332316	0.009834006	0.73476213	-0.4363587	-0.32598335	-0.18766797	-0.3108898	-0.507674	-0.103276104	0.3640785	0.6672301	-0.38867584	0.11148026	-0.12822184	0.09456198				0.27678022	0.2908226	-0.3259732	0.06520715	0.3782214	0.3858199			-0.35546803	0.24388541	-0.21486257	-0.14211772	-0.34456873	0.1295464	-0.20847394	0.013614981	-0.23915395	0.21980743	-0.3763246	0.2530726	-0.1427213	-0.11375531	-0.095501155	-0.4517516	-0.10224867	0.5026467	-0.19818091	0.13079835	-0.60087574	0.08296428	-0.80889654	0.24290779	0.22772916	-0.30801103	0.19654661	0.4576322			-0.03581553	0.34945866								-0.5193673	-0.010013759	-0.19119507																																														1.9303472
4	BA.5.2.19	0.0016379232	-0.319244	0.09438059	0.010739697	-0.025923524	-0.47657436	-0.0037472262	0.16476332	-0.07814602	0.33205706	0.008259277	-0.036682554	0.27303725	-0.04905829	-0.25810388	0.5030831	-0.34285712	-0.12549408	-0.03302151	-0.26601937	-0.22400671	0.098187074	0.37435463	0.16488235	0.21619223	-0.41908994	0.13387725	0.282427	-0.21877627	1.0185573	-0.33766195	0.29059562	-0.13731734	-0.42654714	-0.15359783	0.32722685	-0.29083022	-0.3342222	0.2983725	0.18332316	0.009834006	0.73476213	-0.4363587	-0.32598335	-0.18766797	-0.3108898	-0.507674	-0.103276104	0.3640785	0.6672301	-0.38867584	0.11148026	-0.12822184	0.09456198				0.27678022	0.2908226	-0.3259732	0.06520715	0.3782214	0.3858199			-0.35546803	0.24388541	-0.21486257	-0.14211772	-0.34456873	0.1295464	-0.20847394	0.013614981	-0.23915395	0.21980743	-0.3763246	0.2530726	-0.1427213	-0.11375531	-0.095501155	-0.4517516	-0.10224867	0.5026467	-0.19818091	0.13079835	-0.60087574	0.08296428	-0.80889654	0.24290779	0.22772916	-0.30801103	0.19654661	0.4576322			-0.03581553	0.34945866								-0.5193673		-0.19119507	-0.010013797																																													1.9273856
5	BA.5.2.2	0.0015721677	-0.319244	0.09438059	0.010739697	-0.025923524	-0.47657436	-0.0037472262	0.16476332	-0.07814602	0.33205706	0.008259277	-0.036682554	0.27303725	-0.04905829	-0.25810388	0.5030831	-0.34285712	-0.12549408	-0.03302151	-0.26601937	-0.22400671	0.098187074	0.37435463	0.16488235	0.21619223	-0.41908994	0.13387725	0.282427	-0.21877627	1.0185573	-0.33766195	0.29059562	-0.13731734	-0.42654714	-0.15359783	0.32722685	-0.29083022	-0.3342222	0.2983725	0.18332316	0.009834006	0.73476213	-0.4363587	-0.32598335	-0.18766797	-0.3108898	-0.507674	-0.103276104	0.3640785	0.6672301	-0.38867584	0.11148026	-0.12822184	0.09456198				0.27678022	0.2908226	-0.3259732	0.06520715	0.3782214	0.3858199			-0.35546803	0.24388541	-0.21486257	-0.14211772	-0.34456873	0.1295464	-0.20847394	0.013614981	-0.23915395	0.21980743	-0.3763246	0.2530726	-0.1427213	-0.11375531	-0.095501155	-0.4517516	-0.10224867	0.5026467	-0.19818091	0.13079835	-0.60087574	0.08296428	-0.80889654	0.24290779	0.22772916	-0.30801103	0.19654661	0.4576322			-0.03581553	0.34945866								-0.5193673		-0.19119507		-0.009884681	-0.009884681																																											1.7325726
6	BA.5.2.20	0.0017082794	-0.319244	0.09438059	0.010739697	-0.025923524	-0.47657436	-0.0037472262	0.16476332	-0.07814602	0.33205706	0.008259277	-0.036682554	0.27303725	-0.04905829	-0.25810388	0.5030831	-0.34285712	-0.12549408	-0.03302151	-0.26601937	-0.22400671	0.098187074	0.37435463	0.16488235	0.21619223	-0.41908994	0.13387725	0.282427	-0.21877627	1.0185573	-0.33766195	0.29059562	-0.13731734	-0.42654714	-0.15359783	0.32722685	-0.29083022	-0.3342222	0.2983725	0.18332316	0.009834006	0.73476213	-0.4363587	-0.32598335	-0.18766797	-0.3108898	-0.507674	-0.103276104	0.3640785	0.6672301	-0.38867584	0.11148026	-0.12822184	0.09456198				0.27678022	0.2908226	-0.3259732	0.06520715	0.3782214	0.3858199			-0.35546803	0.24388541	-0.21486257	-0.14211772	-0.34456873	0.1295464	-0.20847394	0.013614981	-0.23915395	0.21980743	-0.3763246	0.2530726	-0.1427213	-0.11375531	-0.095501155	-0.4517516	-0.10224867	0.5026467	-0.19818091	0.13079835	-0.60087574	0.08296428	-0.80889654	0.24290779	0.22772916	-0.30801103	0.19654661	0.4576322			-0.03581553	0.34945866								-0.5193673		-0.19119507																																														1.8742964
7	BA.5.2.21	0.0017082794	-0.319244	0.09438059	0.010739697	-0.025923524	-0.47657436	-0.0037472262	0.16476332	-0.07814602	0.33205706	0.008259277	-0.036682554	0.27303725	-0.04905829	-0.25810388	0.5030831	-0.34285712	-0.12549408	-0.03302151	-0.26601937	-0.22400671	0.098187074	0.37435463	0.16488235	0.21619223	-0.41908994	0.13387725	0.282427	-0.21877627	1.0185573	-0.33766195	0.29059562	-0.13731734	-0.42654714	-0.15359783	0.32722685	-0.29083022	-0.3342222	0.2983725	0.18332316	0.009834006	0.73476213	-0.4363587	-0.32598335	-0.18766797	-0.3108898	-0.507674	-0.103276104	0.3640785	0.6672301	-0.38867584	0.11148026	-0.12822184	0.09456198				0.27678022	0.2908226	-0.3259732	0.06520715	0.3782214	0.3858199			-0.35546803	0.24388541	-0.21486257	-0.14211772	-0.34456873	0.1295464	-0.20847394	0.013614981	-0.23915395	0.21980743	-0.3763246	0.2530726	-0.1427213	-0.11375531	-0.095501155	-0.4517516	-0.10224867	0.5026467	-0.19818091	0.13079835	-0.60087574	0.08296428	-0.80889654	0.24290779	0.22772916	-0.30801103	0.19654661	0.4576322			-0.03581553	0.34945866								-0.5193673		-0.19119507																																														1.8546808
8	BA.5.2.22	0.001637924	-0.319244	0.09438059	0.010739697	-0.025923524	-0.47657436	-0.0037472262	0.16476332	-0.07814602	0.33205706	0.008259277	-0.036682554	0.27303725	-0.04905829	-0.25810388	0.5030831	-0.34285712	-0.12549408	-0.03302151	-0.26601937	-0.22400671	0.098187074	0.37435463	0.16488235	0.21619223	-0.41908994	0.13387725	0.282427	-0.21877627	1.0185573	-0.33766195	0.29059562	-0.13731734	-0.42654714	-0.15359783	0.32722685	-0.29083022	-0.3342222	0.2983725	0.18332316	0.009834006	0.73476213	-0.4363587	-0.32598335	-0.18766797	-0.3108898	-0.507674	-0.103276104	0.3640785	0.6672301	-0.38867584	0.11148026	-0.12822184	0.09456198				0.27678022	0.2908226	-0.3259732	0.06520715	0.3782214	0.3858199			-0.35546803	0.24388541	-0.21486257	-0.14211772	-0.34456873	0.1295464	-0.20847394	0.013614981	-0.23915395	0.21980743	-0.3763246	0.2530726	-0.1427213	-0.11375531	-0.095501155	-0.4517516	-0.10224867	0.5026467	-0.19818091	0.13079835	-0.60087574	0.08296428	-0.80889654	0.24290779	0.22772916	-0.30801103	0.19654661	0.4576322			-0.03581553	0.34945866								-0.5193673		-0.19119507				-0.010013702																																										1.941731
9	BA.5.2.24	0.0016379224	-0.319244	0.09438059	0.010739697	-0.025923524	-0.47657436	-0.0037472262	0.16476332	-0.07814602	0.33205706	0.008259277	-0.036682554	0.27303725	-0.04905829	-0.25810388	0.5030831	-0.34285712	-0.12549408	-0.03302151	-0.26601937	-0.22400671	0.098187074	0.37435463	0.16488235	0.21619223	-0.41908994	0.13387725	0.282427	-0.21877627	1.0185573	-0.33766195	0.29059562	-0.13731734	-0.42654714	-0.15359783	0.32722685	-0.29083022	-0.3342222	0.2983725	0.18332316	0.009834006	0.73476213	-0.4363587	-0.32598335	-0.18766797	-0.3108898	-0.507674	-0.103276104	0.3640785	0.6672301	-0.38867584	0.11148026	-0.12822184	0.09456198				0.27678022	0.2908226	-0.3259732	0.06520715	0.3782214	0.3858199			-0.35546803	0.24388541	-0.21486257	-0.14211772	-0.34456873	0.1295464	-0.20847394	0.013614981	-0.23915395	0.21980743	-0.3763246	0.2530726	-0.1427213	-0.11375531	-0.095501155	-0.4517516	-0.10224867	0.5026467	-0.19818091	0.13079835	-0.60087574	0.08296428	-0.80889654	0.24290779	0.22772916	-0.30801103	0.19654661	0.4576322			-0.03581553	0.34945866								-0.5193673		-0.19119507					-0.010013763																																									2.137971
10	BA.5.2.26	0.0016379224	-0.319244	0.09438059	0.010739697	-0.025923524	-0.47657436	-0.0037472262	0.16476332	-0.07814602	0.33205706	0.008259277	-0.036682554	0.27303725	-0.04905829	-0.25810388	0.5030831	-0.34285712	-0.12549408	-0.03302151	-0.26601937	-0.22400671	0.098187074	0.37435463	0.16488235	0.21619223	-0.41908994	0.13387725	0.282427	-0.21877627	1.0185573	-0.33766195	0.29059562	-0.13731734	-0.42654714	-0.15359783	0.32722685	-0.29083022	-0.3342222	0.2983725	0.18332316	0.009834006	0.73476213	-0.4363587	-0.32598335	-0.18766797	-0.3108898	-0.507674	-0.103276104	0.3640785	0.6672301	-0.38867584	0.11148026	-0.12822184	0.09456198				0.27678022	0.2908226	-0.3259732	0.06520715	0.3782214	0.3858199			-0.35546803	0.24388541	-0.21486257	-0.14211772	-0.34456873	0.1295464	-0.20847394	0.013614981	-0.23915395	0.21980743	-0.3763246	0.2530726	-0.1427213	-0.11375531	-0.095501155	-0.4517516	-0.10224867	0.5026467	-0.19818091	0.13079835	-0.60087574	0.08296428	-0.80889654	0.24290779	0.22772916	-0.30801103	0.19654661	0.4576322			-0.03581553	0.34945866								-0.5193673		-0.19119507						-0.010013857																																								1.9882965
11	BA.5.2.27	0.0016379224	-0.319244	0.09438059	0.010739697	-0.025923524	-0.47657436	-0.0037472262	0.16476332	-0.07814602	0.33205706	0.008259277	-0.036682554	0.27303725	-0.04905829	-0.25810388	0.5030831	-0.34285712	-0.12549408	-0.03302151	-0.26601937	-0.22400671	0.098187074	0.37435463	0.16488235	0.21619223	-0.41908994	0.13387725	0.282427	-0.21877627	1.0185573	-0.33766195	0.29059562	-0.13731734	-0.42654714	-0.15359783	0.32722685	-0.29083022	-0.3342222	0.2983725	0.18332316	0.009834006	0.73476213	-0.4363587	-0.32598335	-0.18766797	-0.3108898	-0.507674	-0.103276104	0.3640785	0.6672301	-0.38867584	0.11148026	-0.12822184	0.09456198				0.27678022	0.2908226	-0.3259732	0.06520715	0.3782214	0.3858199			-0.35546803	0.24388541	-0.21486257	-0.14211772	-0.34456873	0.1295464	-0.20847394	0.013614981	-0.23915395	0.21980743	-0.3763246	0.2530726	-0.1427213	-0.11375531	-0.095501155	-0.4517516	-0.10224867	0.5026467	-0.19818091	0.13079835	-0.60087574	0.08296428	-0.80889654	0.24290779	0.22772916	-0.30801103	0.19654661	0.4576322			-0.03581553	0.34945866								-0.5193673		-0.19119507							-0.010013813																																							1.8599908
12	BA.5.2.28	0.001637924	-0.319244	0.09438059	0.010739697	-0.025923524	-0.47657436	-0.0037472262	0.16476332	-0.07814602	0.33205706	0.008259277	-0.036682554	0.27303725	-0.04905829	-0.25810388	0.5030831	-0.34285712	-0.12549408	-0.03302151	-0.26601937	-0.22400671	0.098187074	0.37435463	0.16488235	0.21619223	-0.41908994	0.13387725	0.282427	-0.21877627	1.0185573	-0.33766195	0.29059562	-0.13731734	-0.42654714	-0.15359783	0.32722685	-0.29083022	-0.3342222	0.2983725	0.18332316	0.009834006	0.73476213	-0.4363587	-0.32598335	-0.18766797	-0.3108898	-0.507674	-0.103276104	0.3640785	0.6672301	-0.38867584	0.11148026	-0.12822184	0.09456198				0.27678022	0.2908226	-0.3259732	0.06520715	0.3782214	0.3858199			-0.35546803	0.24388541	-0.21486257	-0.14211772	-0.34456873	0.1295464	-0.20847394	0.013614981	-0.23915395	0.21980743	-0.3763246	0.2530726	-0.1427213	-0.11375531	-0.095501155	-0.4517516	-0.10224867	0.5026467	-0.19818091	0.13079835	-0.60087574	0.08296428	-0.80889654	0.24290779	0.22772916	-0.30801103	0.19654661	0.4576322			-0.03581553	0.34945866								-0.5193673		-0.19119507								-0.010013786																																						1.8881729
13	BA.5.2.3	0.0016379224	-0.319244	0.09438059	0.010739697	-0.025923524	-0.47657436	-0.0037472262	0.16476332	-0.07814602	0.33205706	0.008259277	-0.036682554	0.27303725	-0.04905829	-0.25810388	0.5030831	-0.34285712	-0.12549408	-0.03302151	-0.26601937	-0.22400671	0.098187074	0.37435463	0.16488235	0.21619223	-0.41908994	0.13387725	0.282427	-0.21877627	1.0185573	-0.33766195	0.29059562	-0.13731734	-0.42654714	-0.15359783	0.32722685	-0.29083022	-0.3342222	0.2983725	0.18332316	0.009834006	0.73476213	-0.4363587	-0.32598335	-0.18766797	-0.3108898	-0.507674	-0.103276104	0.3640785	0.6672301	-0.38867584	0.11148026	-0.12822184	0.09456198				0.27678022	0.2908226	-0.3259732	0.06520715	0.3782214	0.3858199			-0.35546803	0.24388541	-0.21486257	-0.14211772	-0.34456873	0.1295464	-0.20847394	0.013614981	-0.23915395	0.21980743	-0.3763246	0.2530726	-0.1427213	-0.11375531	-0.095501155	-0.4517516	-0.10224867	0.5026467	-0.19818091	0.13079835	-0.60087574	0.08296428	-0.80889654	0.24290779	0.22772916	-0.30801103	0.19654661	0.4576322			-0.03581553	0.34945866								-0.5193673		-0.19119507									-0.01001386																																					1.8603812
14	BA.5.2.31	0.0016379224	-0.319244	0.09438059	0.010739697	-0.025923524	-0.47657436	-0.0037472262	0.16476332	-0.07814602	0.33205706	0.008259277	-0.036682554	0.27303725	-0.04905829	-0.25810388	0.5030831	-0.34285712	-0.12549408	-0.03302151	-0.26601937	-0.22400671	0.098187074	0.37435463	0.16488235	0.21619223	-0.41908994	0.13387725	0.282427	-0.21877627	1.0185573	-0.33766195	0.29059562	-0.13731734	-0.42654714	-0.15359783	0.32722685	-0.29083022	-0.3342222	0.2983725	0.18332316	0.009834006	0.73476213	-0.4363587	-0.32598335	-0.18766797	-0.3108898	-0.507674	-0.103276104	0.3640785	0.6672301	-0.38867584	0.11148026	-0.12822184	0.09456198				0.27678022	0.2908226	-0.3259732	0.06520715	0.3782214	0.3858199			-0.35546803	0.24388541	-0.21486257	-0.14211772	-0.34456873	0.1295464	-0.20847394	0.013614981	-0.23915395	0.21980743	-0.3763246	0.2530726	-0.1427213	-0.11375531	-0.095501155	-0.4517516	-0.10224867	0.5026467	-0.19818091	0.13079835	-0.60087574	0.08296428	-0.80889654	0.24290779	0.22772916	-0.30801103	0.19654661	0.4576322			-0.03581553	0.34945866								-0.5193673		-0.19119507										-0.0100137815																																				1.9146538
15	BA.5.2.33	0.0016379224	-0.319244	0.09438059	0.010739697	-0.025923524	-0.47657436	-0.0037472262	0.16476332	-0.07814602	0.33205706	0.008259277	-0.036682554	0.27303725	-0.04905829	-0.25810388	0.5030831	-0.34285712	-0.12549408	-0.03302151	-0.26601937	-0.22400671	0.098187074	0.37435463	0.16488235	0.21619223	-0.41908994	0.13387725	0.282427	-0.21877627	1.0185573	-0.33766195	0.29059562	-0.13731734	-0.42654714	-0.15359783	0.32722685	-0.29083022	-0.3342222	0.2983725	0.18332316	0.009834006	0.73476213	-0.4363587	-0.32598335	-0.18766797	-0.3108898	-0.507674	-0.103276104	0.3640785	0.6672301	-0.38867584	0.11148026	-0.12822184	0.09456198				0.27678022	0.2908226	-0.3259732	0.06520715	0.3782214	0.3858199			-0.35546803	0.24388541	-0.21486257	-0.14211772	-0.34456873	0.1295464	-0.20847394	0.013614981	-0.23915395	0.21980743	-0.3763246	0.2530726	-0.1427213	-0.11375531	-0.095501155	-0.4517516	-0.10224867	0.5026467	-0.19818091	0.13079835	-0.60087574	0.08296428	-0.80889654	0.24290779	0.22772916	-0.30801103	0.19654661	0.4576322			-0.03581553	0.34945866								-0.5193673		-0.19119507											-0.010013819																																			1.8846068
16	BA.5.2.34	0.0059917485	-0.319244	0.09438059	0.010739697	-0.025923524	-0.47657436	-0.0037472262	0.16476332	-0.07814602	0.33205706	0.008259277	-0.036682554	0.27303725	-0.04905829	-0.25810388	0.5030831	-0.34285712	-0.12549408	-0.03302151	-0.26601937	-0.22400671	0.098187074	0.37435463	0.16488235	0.21619223	-0.41908994	0.13387725	0.282427	-0.21877627	1.0185573	-0.33766195	0.29059562	-0.13731734	-0.42654714	-0.15359783	0.32722685	-0.29083022	-0.3342222	0.2983725	0.18332316	0.009834006	0.73476213	-0.4363587	-0.32598335	-0.18766797	-0.3108898	-0.507674	-0.103276104	0.3640785	0.6672301	-0.38867584	0.11148026	-0.12822184	0.09456198				0.27678022	0.2908226	-0.3259732	0.06520715	0.3782214	0.3858199			-0.35546803	0.24388541	-0.21486257	-0.14211772	-0.34456873	0.1295464	-0.20847394	0.013614981	-0.23915395	0.21980743	-0.3763246	0.2530726	-0.1427213	-0.11375531	-0.095501155	-0.4517516	-0.10224867	0.5026467	-0.19818091	0.13079835	-0.60087574	0.08296428	-0.80889654	0.24290779	0.22772916	-0.30801103	0.19654661	0.4576322		0.3142917	-0.03581553	0.34945866								-0.5193673		-0.19119507												-0.015506708																																		2.3339796
17	BA.5.2.6	0.006394969	-0.319244	0.09438059	0.010739697	-0.025923524	-0.47657436	-0.0037472262	0.16476332	-0.07814602	0.33205706	0.008259277	-0.036682554	0.27303725	-0.04905829	-0.25810388	0.5030831	-0.34285712	-0.12549408	-0.03302151	-0.26601937	-0.22400671	0.098187074	0.37435463	0.16488235	0.21619223	-0.41908994	0.13387725	0.282427	-0.21877627	1.0185573	-0.33766195	0.29059562	-0.13731734	-0.42654714	-0.15359783	0.32722685	-0.29083022	-0.3342222	0.2983725	0.18332316	0.009834006	0.73476213	-0.4363587	-0.32598335	-0.18766797	-0.3108898	-0.507674	-0.103276104	0.3640785	0.6672301	-0.38867584	0.11148026	-0.12822184	0.09456198				0.27678022	0.2908226	-0.3259732	0.06520715	0.3782214	0.3858199			-0.35546803	0.24388541	-0.21486257	-0.14211772	-0.34456873	0.1295464	-0.20847394	0.013614981	-0.23915395	0.21980743	-0.3763246	0.2530726	-0.1427213	-0.11375531	-0.095501155	-0.4517516	-0.10224867	0.5026467	-0.19818091	0.13079835	-0.60087574	0.08296428	-0.80889654	0.24290779	0.22772916	-0.30801103	0.19654661	0.4576322		0.3142917	-0.03581553	0.34945866								-0.5193673		-0.19119507																																														2.1664672
18	BA.5.2.7	0.001572167	-0.319244	0.09438059	0.010739697	-0.025923524	-0.47657436	-0.0037472262	0.16476332	-0.07814602	0.33205706	0.008259277	-0.036682554	0.27303725	-0.04905829	-0.25810388	0.5030831	-0.34285712	-0.12549408	-0.03302151	-0.26601937	-0.22400671	0.098187074	0.37435463	0.16488235	0.21619223	-0.41908994	0.13387725	0.282427	-0.21877627	1.0185573	-0.33766195	0.29059562	-0.13731734	-0.42654714	-0.15359783	0.32722685	-0.29083022	-0.3342222	0.2983725	0.18332316	0.009834006	0.73476213	-0.4363587	-0.32598335	-0.18766797	-0.3108898	-0.507674	-0.103276104	0.3640785	0.6672301	-0.38867584	0.11148026	-0.12822184	0.09456198				0.27678022	0.2908226	-0.3259732	0.06520715	0.3782214	0.3858199			-0.35546803	0.24388541	-0.21486257	-0.14211772	-0.34456873	0.1295464	-0.20847394	0.013614981	-0.23915395	0.21980743	-0.3763246	0.2530726	-0.1427213	-0.11375531	-0.095501155	-0.4517516	-0.10224867	0.5026467	-0.19818091	0.13079835	-0.60087574	0.08296428	-0.80889654	0.24290779	0.22772916	-0.30801103	0.19654661	0.4576322			-0.03581553	0.34945866								-0.5193673		-0.19119507													-0.009884738	-0.009884738																																1.9849589
19	BA.5.2.8	0.0016379224	-0.319244	0.09438059	0.010739697	-0.025923524	-0.47657436	-0.0037472262	0.16476332	-0.07814602	0.33205706	0.008259277	-0.036682554	0.27303725	-0.04905829	-0.25810388	0.5030831	-0.34285712	-0.12549408	-0.03302151	-0.26601937	-0.22400671	0.098187074	0.37435463	0.16488235	0.21619223	-0.41908994	0.13387725	0.282427	-0.21877627	1.0185573	-0.33766195	0.29059562	-0.13731734	-0.42654714	-0.15359783	0.32722685	-0.29083022	-0.3342222	0.2983725	0.18332316	0.009834006	0.73476213	-0.4363587	-0.32598335	-0.18766797	-0.3108898	-0.507674	-0.103276104	0.3640785	0.6672301	-0.38867584	0.11148026	-0.12822184	0.09456198				0.27678022	0.2908226	-0.3259732	0.06520715	0.3782214	0.3858199			-0.35546803	0.24388541	-0.21486257	-0.14211772	-0.34456873	0.1295464	-0.20847394	0.013614981	-0.23915395	0.21980743	-0.3763246	0.2530726	-0.1427213	-0.11375531	-0.095501155	-0.4517516	-0.10224867	0.5026467	-0.19818091	0.13079835	-0.60087574	0.08296428	-0.80889654	0.24290779	0.22772916	-0.30801103	0.19654661	0.4576322			-0.03581553	0.34945866								-0.5193673		-0.19119507															-0.010013884																															1.8533144
20	BA.5.6.2	0.061124064	-0.319244	0.09438059	0.010739697	-0.025923524	-0.47657436	-0.0037472262	0.16476332	-0.07814602	0.33205706	0.008259277	-0.036682554	0.27303725	-0.04905829	-0.25810388	0.5030831	-0.34285712	-0.12549408	-0.03302151	-0.26601937	-0.22400671	0.098187074	0.37435463	0.16488235	0.21619223	-0.41908994	0.13387725	0.282427	-0.21877627	1.0185573	-0.33766195	0.29059562	-0.13731734	-0.42654714	-0.15359783	0.32722685	-0.29083022	-0.3342222	0.2983725	0.18332316	0.009834006	0.73476213	-0.4363587	-0.32598335	-0.18766797	-0.3108898	-0.507674	-0.103276104	0.3640785	0.6672301	-0.38867584	0.11148026	-0.12822184	0.09456198				0.27678022	0.2908226	-0.3259732	0.06520715	0.3782214	0.3858199			-0.35546803	0.24388541	-0.21486257	-0.14211772	-0.34456873	0.1295464	-0.20847394	0.013614981	-0.23915395	0.21980743	-0.3763246	0.2530726	-0.1427213	-0.11375531	-0.095501155	-0.4517516	-0.10224867	0.5026467	-0.19818091	0.13079835	-0.60087574	0.08296428	-0.80889654	0.24290779	0.22772916	-0.30801103	0.19654661	0.4576322			-0.03581553	0.34945866																										-0.088632144	-0.088632144	0.31846836																												1.8717911
21	BE.1.1	0.113226265	-0.319244	0.09438059	0.010739697	-0.025923524	-0.47657436	-0.0037472262	0.16476332	-0.07814602	0.33205706	0.008259277	-0.036682554	0.27303725	-0.04905829	-0.25810388	0.5030831	-0.34285712	-0.12549408	-0.03302151	-0.26601937	-0.22400671	0.098187074	0.37435463	0.16488235	0.21619223	-0.41908994	0.13387725	0.282427	-0.21877627	1.0185573	-0.33766195	0.29059562	-0.13731734	-0.42654714	-0.15359783	0.32722685	-0.29083022	-0.3342222	0.2983725	0.18332316	0.009834006	0.73476213	-0.4363587	-0.32598335	-0.18766797	-0.3108898	-0.507674	-0.103276104	0.3640785	0.6672301	-0.38867584	0.11148026	-0.12822184	0.09456198				0.27678022	0.2908226	-0.3259732	0.06520715	0.3782214	0.3858199			-0.35546803	0.24388541	-0.21486257	-0.14211772	-0.34456873	0.1295464	-0.20847394	0.013614981	-0.23915395	0.21980743	-0.3763246	0.2530726	-0.1427213	-0.11375531	-0.095501155	-0.4517516	-0.10224867	0.5026467	-0.19818091	0.13079835	-0.60087574	0.08296428	-0.80889654	0.24290779	0.22772916	-0.30801103	0.19654661	0.4576322			-0.03581553	0.34945866																													0.10078528	0.13182628	-0.36000896	0.41538304																								1.8090465
22	BE.1.1.1	0.050975733	-0.319244	0.09438059	0.010739697	-0.025923524	-0.47657436	-0.0037472262	0.16476332	-0.07814602	0.33205706	0.008259277	-0.036682554	0.27303725	-0.04905829	-0.25810388	0.5030831	-0.34285712	-0.12549408	-0.03302151	-0.26601937	-0.22400671	0.098187074	0.37435463	0.16488235	0.21619223	-0.41908994	0.13387725	0.282427	-0.21877627	1.0185573	-0.33766195	0.29059562	-0.13731734	-0.42654714	-0.15359783	0.32722685	-0.29083022	-0.3342222	0.2983725	0.18332316	0.009834006	0.73476213	-0.4363587	-0.32598335	-0.18766797	-0.3108898	-0.507674	-0.103276104	0.3640785	0.6672301	-0.38867584	0.11148026	-0.12822184	0.09456198				0.27678022	0.2908226	-0.3259732	0.06520715	0.3782214	0.3858199			-0.35546803	0.24388541	-0.21486257	-0.14211772	-0.34456873	0.1295464	-0.20847394	0.013614981	-0.23915395	0.21980743	-0.3763246	0.2530726	-0.1427213	-0.11375531	-0.095501155	-0.4517516	-0.10224867	0.5026467	-0.19818091	0.13079835	-0.60087574	0.08296428	-0.80889654	0.24290779	0.22772916	-0.30801103	0.19654661	0.4576322			-0.03581553	0.34945866																												0.31846836	0.10078528	0.13182628	-0.36000896	0.41538304	-0.50847757																							2.0285597
23	BE.1.1.2	0.08941431	-0.319244	0.09438059	0.010739697	-0.025923524	-0.47657436	-0.0037472262	0.16476332	-0.07814602	0.33205706	0.008259277	-0.036682554	0.27303725	-0.04905829	-0.25810388	0.5030831	-0.34285712	-0.12549408	-0.03302151	-0.26601937	-0.22400671	0.098187074	0.37435463	0.16488235	0.21619223	-0.41908994	0.13387725	0.282427	-0.21877627	1.0185573	-0.33766195	0.29059562	-0.13731734	-0.42654714	-0.15359783	0.32722685	-0.29083022	-0.3342222	0.2983725	0.18332316	0.009834006	0.73476213	-0.4363587	-0.32598335	-0.18766797	-0.3108898	-0.507674	-0.103276104	0.3640785	0.6672301	-0.38867584	0.11148026	-0.12822184	0.09456198				0.27678022	0.2908226	-0.3259732	0.06520715	0.3782214	0.3858199			-0.35546803	0.24388541	-0.21486257	-0.14211772	-0.34456873	0.1295464	-0.20847394	0.013614981	-0.23915395	0.21980743	-0.3763246	0.2530726	-0.1427213	-0.11375531	-0.095501155	-0.4517516	-0.10224867	0.5026467	-0.19818091	0.13079835	-0.60087574	0.08296428	-0.80889654	0.24290779	0.22772916	-0.30801103	0.19654661	0.4576322			-0.03581553	0.34945866																													0.10078528	0.13182628	-0.36000896	0.41538304		-0.056215998																						1.9392369
24	BE.5	0.06696609	-0.319244	0.09438059	0.010739697	-0.025923524	-0.47657436	-0.0037472262	0.16476332	-0.07814602	0.33205706	0.008259277	-0.036682554	0.27303725	-0.04905829	-0.25810388	0.5030831	-0.34285712	-0.12549408	-0.03302151	-0.26601937	-0.22400671	0.098187074	0.37435463	0.16488235	0.21619223	-0.41908994	0.13387725	0.282427	-0.21877627	1.0185573	-0.33766195	0.29059562	-0.13731734	-0.42654714	-0.15359783	0.32722685	-0.29083022	-0.3342222	0.2983725	0.18332316	0.009834006	0.73476213	-0.4363587	-0.32598335	-0.18766797	-0.3108898	-0.507674	-0.103276104	0.3640785	0.6672301	-0.38867584	0.11148026	-0.12822184	0.09456198				0.27678022	0.2908226	-0.3259732	0.06520715	0.3782214	0.3858199			-0.35546803	0.24388541	-0.21486257	-0.14211772	-0.34456873	0.1295464	-0.20847394	0.013614981	-0.23915395	0.21980743	-0.3763246	0.2530726	-0.1427213	-0.11375531	-0.095501155	-0.4517516	-0.10224867	0.5026467	-0.19818091	0.13079835	-0.60087574	0.08296428	-0.80889654	0.24290779	0.22772916	-0.30801103	0.19654661	0.4576322			-0.03581553	0.34945866																													0.10078528	0.13182628					-0.069673985																					1.0
25	BF.1.1	0.0026874915	-0.319244	0.09438059	0.010739697	-0.025923524	-0.47657436	-0.0037472262	0.16476332	-0.07814602	0.33205706	0.008259277	-0.036682554	0.27303725	-0.04905829	-0.25810388	0.5030831	-0.34285712	-0.12549408	-0.03302151	-0.26601937	-0.22400671	0.098187074	0.37435463	0.16488235	0.21619223	-0.41908994	0.13387725	0.282427	-0.21877627	1.0185573	-0.33766195	0.29059562	-0.13731734	-0.42654714	-0.15359783	0.32722685	-0.29083022	-0.3342222	0.2983725	0.18332316	0.009834006	0.73476213	-0.4363587	-0.32598335	-0.18766797	-0.3108898	-0.507674	-0.103276104	0.3640785	0.6672301	-0.38867584	0.11148026	-0.12822184	0.09456198				0.27678022	0.2908226	-0.3259732	0.06520715	0.3782214	0.3858199			-0.35546803	0.24388541	-0.21486257	-0.14211772	-0.34456873	0.1295464	-0.20847394	0.013614981	-0.23915395	0.21980743	-0.3763246	0.2530726	-0.1427213	-0.11375531	-0.095501155	-0.4517516	-0.10224867	0.5026467	-0.19818091	0.13079835	-0.60087574	0.08296428	-0.80889654	0.24290779	0.22772916	-0.30801103	0.19654661	0.4576322			-0.03581553	0.34945866								-0.5193673																												-0.024515664	-0.011758673	-0.011758673	-0.011758673	-0.011758673	-0.011758673															1.381166
26	BN.1	0.0043212194	-0.319244	0.09438059	0.010739697	-0.025923524	-0.47657436	-0.0037472262	0.16476332	-0.07814602	0.33205706	0.008259277	-0.036682554	0.27303725	-0.04905829	-0.25810388	0.5030831	-0.34285712	-0.12549408	-0.03302151	-0.26601937	-0.22400671	0.098187074	0.37435463	0.16488235	0.21619223	-0.41908994	0.13387725	0.282427	-0.21877627	1.0185573	-0.33766195	0.29059562	-0.13731734	-0.42654714	-0.15359783	0.32722685	-0.29083022	-0.3342222	0.2983725	0.18332316	0.009834006	0.73476213	-0.4363587	-0.32598335	-0.18766797	-0.3108898	-0.507674	-0.103276104	0.3640785	0.6672301	-0.38867584	0.11148026	-0.12822184	0.09456198				0.27678022	0.2908226	-0.3259732	0.06520715	0.3782214	0.3858199			-0.35546803			-0.14211772	-0.34456873	0.1295464	-0.20847394	0.013614981	-0.23915395	0.21980743	-0.3763246	0.2530726	-0.1427213	-0.11375531	-0.095501155	-0.4517516	-0.10224867	0.5026467	-0.19818091	0.13079835	-0.60087574	0.08296428	-0.80889654	0.24290779	0.22772916	-0.30801103	0.19654661	0.4576322		0.3142917				-0.052924413																																								-0.15222733	-0.027614035	-0.027614035	-0.027614035	-0.027614035	-0.027614035	-0.027614035	0.04769728	-0.027614035	-0.027614035	-0.027614035	-0.027614035	-0.013814372	-0.013814372	2.59434
