	variant	D3G_M	K856R_ORF1a	S2083X_ORF1a	L2084X_ORF1a	A2710T_ORF1a	L3674-_ORF1a	I3758V_ORF1a	F371L_S	G496S_S	T547K_S	N856K_S	L981F_S	R346K_S	Q866R_ORF1b	T4083M_ORF1a	I214V_ORF1b	T39R_ORF7a	A2554V_ORF1a	T3432S_ORF1a	D343G_N	L106F_ORF3a	V320I_S	Q628K_S	A701V_S	V1887I_ORF1a	T1822I_ORF1a	P67S_N	T4175I_ORF1a	L3201F_ORF1a	T842I_ORF1a	L3027F_ORF1a	S135R_ORF1a	G1307S_ORF1a	T3090I_ORF1a	F3677-_ORF1a	R1315C_ORF1b	T2163I_ORF1b	D61L_ORF6	T19I_S	L24-_S	P25-_S	P26-_S	A27S_S	V67A_S	-69H_S	-70V_S	I95T_S	-142D_S	-143V_S	-144Y_S	D145Y_S	-211N_S	I212L_S	V213G_S	T376A_S	R408S_S	S446G_S	D405N_S	S413R_N	T223I_ORF3a	S959P_ORF1b	G798D_S	S704L_S	L452Q_S	L452M_S	A75V_ORF9b	T941S_S	T296I_N	V84-_ORF1a	M85-_ORF1a	N417T_S	D348H_N	T72I_ORF9b	N148T_S	G1073R_ORF1a	D2833G_ORF1a	Q3966H_ORF1a	F186S_S	R135S_ORF1a	Q39L_N	S2535L_ORF1a	N36Y_ORF9b	L580F_ORF1a	T2825I_ORF1a	A2909V_ORF1a	L140F_ORF3a	W128C_ORF3a	D3222A_ORF1a	K798N_ORF1a	A88V_ORF1b	S55F_E	T727I_ORF1a	I1714T_ORF1a	M2169V_ORF1a	T2174I_ORF1a	T2648I_ORF1a	Q3922R_ORF1a	T1404M_ORF1b	D89E_ORF9b	M153T_S	N164K_S	H245N_S	G257D_S	K444R_S	N450D_S	N460K_S	A484T_S	R493Q_S	N641S_S	S255F_S	D3936N_ORF1a	A66S_ORF7a	I68T_S	R1421K_ORF1a	Q2070H_ORF1b	T1231S_S	L251F_ORF1a	Y248H_S	S1261Y_S	T1322I_ORF1a	Y248S_S	P1018S_ORF1a	C655R_ORF1a	D22G_N	I19V_ORF9b	D1153Y_S	D27H_ORF3a	Q18*_ORF8	T2124I_ORF1a	L212S_S	P2287S_ORF1a	G257S_S	T11A_E	S1221L_ORF1a	P1640S_ORF1a	N4060S_ORF1a	G662S_ORF1b	K147E_S	W152R_S	F157L_S	I210V_S	D339H_S	D574V_S	D1199N_S	F486S_S	R346T_S	K356T_S	Y248N_S	A31T_ORF3a	H78Y_ORF3a	T2007I_ORF1a	W64R_S	K141-_ORF1a	S142-_ORF1a	F143-_ORF1a	L11F_ORF7b	P151S_N	L452R_S	F486V_S	V3G_S	I670V_S	T4355I_ORF1a	Y10X_ORF7b	F11-_ORF7b	C12-_ORF7b	F13X_ORF7b	*44X_ORF7b	H1636Q_ORF1a	P2633L_ORF1b	N658S_S	D3N_M	L61D_ORF6	L94I_ORF3a	K3839R_ORF1a	T60I_ORF9b	V445A_S	H417Y_ORF1a	T310I_ORF1b	A1476S_ORF1b	D1903N_ORF1b	L30H_ORF7a	V5I_ORF6	S1273L_ORF1b	S302F_ORF1a	V1271L_ORF1b	H42Y_ORF7b	I121X_ORF8	*122X_ORF8	N1025S_ORF1b	V289I_S	D6G_ORF6	P1263Q_S	V1453I_ORF1a	A520V_ORF1b	T2332I_ORF1b	T4161I_ORF1a	T2548I_ORF1b	T2432I_ORF1b	A262S_S	S50G_E	R207C_ORF1a	D16G_ORF9b	A3697V_ORF1a	T1050N_ORF1b	T14I_ORF3a	R413S_N	G2297S_ORF1b	T1022I_ORF1a	K444N_S	L108V_ORF3a	I2332V_ORF1a	T1437I_ORF1a	K120N_ORF1a	L84I_S	P93S_ORF8	V1538L_ORF1b	M598T_ORF1a	K444M_S	L2869F_ORF1a	Y512C_ORF1b	Q556K_ORF1a	E136D_N	T76I_S	V62L_ORF8	G662V_ORF1b	V3166F_ORF1a	L314R_ORF1b	A1312V_ORF1b	T2537I_ORF1b	M1839I_ORF1b	K444T_S	T2376I_ORF1b	P1162L_S	M2096L_ORF1a	T3750I_ORF1a	R346I_S	M1156I_ORF1b	L3829F_ORF1a	S10F_ORF9b	S50L_ORF9b	V1787I_ORF1b	T882I_ORF1a	Y1247C_ORF1b	T3308N_ORF1a	V2685F_ORF1b	E87D_ORF1a	Y925H_ORF1a	D983G_ORF1a	V3524I_ORF1a	V3858L_ORF1a	L13F_N	A1291V_ORF1b	K2589R_ORF1a	K1957R_ORF1b	R346S_S	H1087Y_ORF1b	T224I_ORF1a	L642F_ORF1a	D935G_ORF1a	T175I_ORF3a	A65D_ORF8	G638C_ORF1a	A1020S_S	G376S_ORF1b	V30L_ORF9b	A2784V_ORF1a	Q44L_ORF1a	T547I_S	T259A_S	H47Y_ORF7a	G181A_S	X30-_N	X33F_N	X420*_N	M26X_ORF9b	-29X_ORF9b	*98X_ORF9b	H17Y_ORF8	T362K_N	G1764S_ORF1a	Q3596H_ORF1a	A1131V_ORF1b	T282I_N	F3753V_ORF1a	A15S_ORF7b	V1264L_S	P162L_N	I2278T_ORF1a	L1504F_ORF1b	D3972G_ORF1a	G519S_ORF1a	V1706I_ORF1b	F490S_S	Y264H_ORF1b	N1191S_ORF1b	V3855I_ORF1a	P2313L_ORF1b	V627I_ORF1a	I666V_S	L3293I_ORF1a	E619Q_S	G94C_ORF1a	calculated_ga	mut_ga	match	innov-ga
154	BF.7																														0.16025685	-0.22766188	-0.27777913	0.37861967	0.2659947	0.20626903	0.17679498	-0.35802948	-0.19610046	-0.33171532	-0.52692485	0.09922601	0.08489245	0.08881614	0.083073564	0.13172379	0.23922594	0.31479833	-0.011872332	0.25533655	-0.38700715	0.016328651	0.11083218	-0.6837365	-0.55290616	0.32120082	0.3088197	0.33346814	0.24030131	0.2818284	-0.11583987																																																-0.5392218																																						-0.22668672												0.34228826	0.12038029												-0.05731264	0.18280306																														0.047204465																																																															0.64568925							0.46541774	0.6848028	-0.02987369	0.08034178	-0.21651639	-0.1284404																										1912.6843820538643	316.61246	False	
9	BA.1.15.2	0.49635786	0.25025433	-0.35857496	0.8186567	-0.06470669	-0.03814964	0.1757906	-0.012867758	-0.099380374	-0.2169208	-0.01898749	0.43191096								-0.2721885	-0.25343084	0.28407145	0.6531903																																																																																																																																																																																																																																																																																								1728.6660223711422	286.15204	False	0.680799
173	BQ.1.2																														0.16025685	-0.22766188	-0.27777913	0.37861967	0.2659947	0.20626903	0.17679498	-0.35802948	-0.19610046	-0.33171532	-0.52692485	0.09922601	0.08489245	0.08881614	0.083073564	0.13172379	0.23922594	0.31479833	-0.011872332	0.25533655	-0.38700715	0.016328651	0.11083218	-0.6837365	-0.55290616	0.32120082	0.3088197	0.33346814	0.24030131	0.2818284	-0.11583987																																														0.17038393		-0.5392218																																																		0.34228826	0.12038029												-0.05731264	0.18280306																																																	-0.23132947	-0.033008166									0.3147724						0.26177755	0.023440335	0.2937382																																																							-0.04939662					0.43185157				1063.6735962396735	176.07335	False	
78	BA.5.1.18																														0.16025685	-0.22766188	-0.27777913	0.37861967	0.2659947	0.20626903	0.17679498	-0.35802948	-0.19610046	-0.33171532	-0.52692485	0.09922601	0.08489245	0.08881614	0.083073564	0.13172379	0.23922594	0.31479833	-0.011872332	0.25533655	-0.38700715	0.016328651	0.11083218	-0.6837365	-0.55290616	0.32120082	0.3088197	0.33346814	0.24030131	0.2818284	-0.11583987																																																-0.5392218																																						-0.22668672												0.34228826	0.12038029												-0.05731264	0.18280306					0.7492711	0.33825627	0.16073033	0.15094243	-0.14423475																																																																																																																										557.1805463130079	92.231926	False	
155	BF.7.4																														0.16025685	-0.22766188	-0.27777913	0.37861967	0.2659947	0.20626903	0.17679498	-0.35802948	-0.19610046	-0.33171532	-0.52692485	0.09922601	0.08489245	0.08881614	0.083073564	0.13172379	0.23922594	0.31479833	-0.011872332	0.25533655	-0.38700715	0.016328651	0.11083218	-0.6837365	-0.55290616	0.32120082	0.3088197	0.33346814	0.24030131	0.2818284	-0.11583987																																																-0.5392218																																						-0.22668672												0.34228826	0.12038029												-0.05731264	0.18280306																														0.047204465																																																															0.64568925							0.46541774	0.6848028	-0.02987369	0.08034178	-0.21651639	-0.1284404	-0.29793593																									547.2644372250733	90.59033	False	
171	BQ.1.13																														0.16025685	-0.22766188	-0.27777913	0.37861967	0.2659947	0.20626903	0.17679498	-0.35802948	-0.19610046	-0.33171532	-0.52692485	0.09922601	0.08489245	0.08881614	0.083073564	0.13172379	0.23922594	0.31479833	-0.011872332	0.25533655	-0.38700715	0.016328651	0.11083218	-0.6837365	-0.55290616	0.32120082	0.3088197	0.33346814	0.24030131	0.2818284	-0.11583987																																														0.17038393		-0.5392218																																																		0.34228826	0.12038029												-0.05731264	0.18280306																																																	-0.23132947	-0.033008166									0.3147724						0.26177755	0.023440335	0.2937382																																																							-0.04939662				0.23118377					457.9128781474048	75.79984	False	
167	BQ.1.1.4																														0.16025685	-0.22766188	-0.27777913	0.37861967	0.2659947	0.20626903	0.17679498	-0.35802948	-0.19610046	-0.33171532	-0.52692485	0.09922601	0.08489245	0.08881614	0.083073564	0.13172379	0.23922594	0.31479833	-0.011872332	0.25533655	-0.38700715	0.016328651	0.11083218	-0.6837365	-0.55290616	0.32120082	0.3088197	0.33346814	0.24030131	0.2818284	-0.11583987																																														0.17038393		-0.5392218																																						-0.22668672												0.34228826	0.12038029												-0.05731264	0.18280306																																																	-0.23132947	-0.033008166									0.3147724						0.26177755	0.023440335	0.2937382																																																							-0.04939662	0.45164886								446.10228637108827	73.84478	False	
166	BQ.1.1.3																														0.16025685	-0.22766188	-0.27777913	0.37861967	0.2659947	0.20626903	0.17679498	-0.35802948	-0.19610046	-0.33171532	-0.52692485	0.09922601	0.08489245	0.08881614	0.083073564	0.13172379	0.23922594	0.31479833	-0.011872332	0.25533655	-0.38700715	0.016328651	0.11083218	-0.6837365	-0.55290616	0.32120082	0.3088197	0.33346814	0.24030131	0.2818284	-0.11583987																																														0.17038393		-0.5392218																																						-0.22668672												0.34228826	0.12038029												-0.05731264	0.18280306																																																	-0.23132947	-0.033008166									0.3147724						0.26177755	0.023440335	0.2937382																																																							-0.04939662	0.45164886								446.10228637108827	73.84478	False	
165	BQ.1.1																														0.16025685	-0.22766188	-0.27777913	0.37861967	0.2659947	0.20626903	0.17679498	-0.35802948	-0.19610046	-0.33171532	-0.52692485	0.09922601	0.08489245	0.08881614	0.083073564	0.13172379	0.23922594	0.31479833	-0.011872332	0.25533655	-0.38700715	0.016328651	0.11083218	-0.6837365	-0.55290616	0.32120082	0.3088197	0.33346814	0.24030131	0.2818284	-0.11583987																																														0.17038393		-0.5392218																																						-0.22668672												0.34228826	0.12038029												-0.05731264	0.18280306																																																	-0.23132947	-0.033008166									0.3147724						0.26177755	0.023440335	0.2937382																																																							-0.04939662	0.45164886								446.10228637108827	73.84478	False	
11	BA.1.18	0.49635786	0.25025433	-0.35857496	0.8186567	-0.06470669	-0.03814964	0.1757906	-0.012867758	-0.099380374	-0.2169208	-0.01898749	0.43191096														0.06763992																																																																																																																																																																																																																																																																																					407.6035106319501	67.471985	False	
